epoch,global_step,total_loss,spectrum_loss,rfi_loss,alpha,beta
0,1,0.896064,0.620803,0.886241,0.918983,0.7000,0.3000
0,51,0.771005,0.416482,0.641544,0.922155,0.5386,0.4614
0,101,0.622480,0.285085,0.463335,0.918034,0.6500,0.3500
0,151,1.126122,0.257134,1.177880,0.919092,0.8000,0.2000
1,231,0.926793,0.303874,0.938671,0.912675,0.5431,0.4569
1,281,0.507017,0.213594,0.340760,0.916750,0.7114,0.2886
1,331,0.933188,0.211649,0.937605,0.915523,0.8000,0.2000
1,381,0.925983,0.262180,0.932126,0.914576,0.6500,0.3500
2,461,0.635745,0.237585,0.487675,0.910733,0.6500,0.3500
2,511,1.239095,0.199985,1.321486,0.909528,0.8000,0.2000
2,561,0.595901,0.228259,0.429302,0.905301,0.6500,0.3500
2,611,0.842194,0.283178,0.805488,0.910362,0.6500,0.3500
3,691,0.625497,0.188718,0.392728,0.909993,0.5500,0.4500
3,741,0.432448,0.141315,0.143629,0.909903,0.6231,0.3769
3,791,0.550846,0.269833,0.355973,0.912753,0.6500,0.3500
3,841,0.374364,0.245598,0.230355,0.909051,0.7878,0.2122
4,921,0.719019,0.198599,0.561266,0.905844,0.5422,0.4578
4,971,0.755035,0.208079,0.672586,0.908156,0.6500,0.3500
4,1021,0.545907,0.205942,0.321378,0.896426,0.6095,0.3905
4,1071,0.531160,0.175963,0.215421,0.906447,0.5431,0.4569
5,1151,0.524683,0.267335,0.323711,0.897919,0.6500,0.3500
5,1201,0.584218,0.225114,0.506063,0.896839,0.8000,0.2000
5,1251,0.606341,0.219492,0.363555,0.893870,0.5422,0.4578
5,1301,0.466297,0.229543,0.234011,0.897687,0.6500,0.3500
6,1381,0.897213,0.158769,0.897675,0.895364,0.8000,0.2000
6,1431,0.615070,0.298011,0.448743,0.890030,0.6231,0.3769
6,1481,0.544221,0.197487,0.360553,0.885319,0.6500,0.3500
6,1531,0.762661,0.263923,0.732911,0.881658,0.8000,0.2000
7,1611,0.519984,0.269755,0.271621,0.891132,0.5991,0.4009
7,1661,0.552158,0.288727,0.369240,0.891862,0.6500,0.3500
7,1711,0.632478,0.212742,0.568157,0.889761,0.8000,0.2000
7,1761,0.788149,0.250887,0.712033,0.888860,0.5695,0.4305
8,1841,0.921965,0.206885,0.939828,0.888793,0.6500,0.3500
8,1891,0.553691,0.248132,0.470268,0.887384,0.8000,0.2000
8,1941,0.604826,0.219977,0.448962,0.894289,0.6500,0.3500
8,1991,0.480853,0.215726,0.266812,0.878358,0.6500,0.3500
9,2071,0.586752,0.294925,0.512721,0.882872,0.8000,0.2000
9,2121,0.713666,0.185518,0.619770,0.888047,0.6500,0.3500
9,2171,0.685997,0.233012,0.576391,0.889551,0.6500,0.3500
9,2221,0.319540,0.185956,0.177559,0.887464,0.8000,0.2000
10,2301,0.570952,0.244818,0.402227,0.884298,0.6500,0.3500
10,2351,0.632315,0.248776,0.526602,0.887291,0.7069,0.2931
10,2401,0.593118,0.217350,0.520423,0.883897,0.8000,0.2000
10,2451,0.757792,0.243516,0.693080,0.877971,0.6500,0.3500
11,2531,1.174143,0.191434,1.297740,0.897879,0.6909,0.3091
11,2581,0.816569,0.160345,0.759089,0.886824,0.5500,0.4500
11,2631,1.218088,0.232434,1.400246,0.879795,0.6500,0.3500
11,2681,0.783044,0.210540,0.730295,0.881006,0.6500,0.3500
12,2761,0.499107,0.228684,0.312367,0.879797,0.6709,0.3291
12,2811,0.420176,0.191221,0.167908,0.888673,0.6500,0.3500
12,2861,0.818150,0.121021,0.785885,0.893436,0.7000,0.3000
12,2911,0.278505,0.136102,0.125490,0.890565,0.8000,0.2000
13,2991,0.613848,0.155345,0.377163,0.890185,0.5386,0.4614
13,3041,0.423415,0.158044,0.168148,0.897484,0.6500,0.3500
13,3091,0.530426,0.168308,0.443128,0.879618,0.8000,0.2000
13,3141,0.645296,0.229824,0.441119,0.884113,0.5391,0.4609
14,3221,0.513668,0.183076,0.359116,0.886442,0.7069,0.2931
14,3271,0.625024,0.254009,0.340169,0.886545,0.4786,0.5214
14,3321,0.565667,0.175319,0.392237,0.887752,0.6500,0.3500
14,3371,1.280723,0.201714,1.493325,0.885892,0.6500,0.3500
15,3451,0.580672,0.251379,0.478886,0.887502,0.7509,0.2491
15,3501,0.577077,0.152173,0.408839,0.889520,0.6500,0.3500
15,3551,0.650546,0.200083,0.523953,0.885648,0.6500,0.3500
15,3601,0.344135,0.155051,0.208387,0.887128,0.8000,0.2000
16,3681,0.597723,0.164695,0.379636,0.897223,0.5786,0.4214
16,3731,0.446457,0.267354,0.252558,0.879863,0.6909,0.3091
16,3781,0.399213,0.160878,0.279179,0.879351,0.8000,0.2000
16,3831,0.668308,0.240054,0.477039,0.892029,0.5391,0.4609
17,3911,0.625493,0.153269,0.486353,0.883896,0.6500,0.3500
17,3961,0.442229,0.176170,0.330480,0.889227,0.8000,0.2000
17,4011,1.137410,0.186611,1.268537,0.893888,0.6500,0.3500
17,4061,0.505201,0.290957,0.350990,0.884410,0.7109,0.2891
18,4141,0.466262,0.155633,0.306332,0.891969,0.7269,0.2731
18,4191,0.875572,0.196013,0.875119,0.876413,0.6500,0.3500
18,4241,0.443852,0.182232,0.205873,0.885814,0.6500,0.3500
18,4291,0.430718,0.192941,0.310364,0.877579,0.7878,0.2122
19,4371,0.559788,0.133019,0.316575,0.893793,0.5786,0.4214
19,4421,0.543208,0.231054,0.359818,0.883789,0.6500,0.3500
19,4471,0.437728,0.189207,0.326050,0.884438,0.8000,0.2000
19,4521,0.836522,0.141640,0.807173,0.891027,0.6500,0.3500
20,4601,0.770445,0.218976,0.721908,0.888026,0.7078,0.2922
20,4651,0.420214,0.165497,0.282851,0.883621,0.7714,0.2286
20,4701,0.553879,0.153768,0.277651,0.891490,0.5500,0.4500
20,4751,0.494525,0.176674,0.304327,0.879893,0.6695,0.3305
21,4831,0.420918,0.276496,0.225749,0.876315,0.7000,0.3000
21,4881,0.682629,0.213147,0.573767,0.884802,0.6500,0.3500
21,4931,0.423378,0.136516,0.212926,0.893784,0.6909,0.3091
21,4981,0.787150,0.144005,0.762523,0.885655,0.8000,0.2000
22,5061,1.127226,0.189807,1.254536,0.890793,0.6500,0.3500
22,5111,0.529734,0.188956,0.382339,0.892982,0.7114,0.2886
22,5161,0.902440,0.350594,0.909252,0.886545,0.7000,0.3000
22,5211,0.529714,0.148224,0.340381,0.881334,0.6500,0.3500
23,5291,0.476851,0.177811,0.277558,0.880648,0.6695,0.3305
23,5341,0.708057,0.229599,0.665415,0.878625,0.8000,0.2000
23,5391,0.856457,0.130375,0.836984,0.892620,0.6500,0.3500
23,5441,0.468639,0.211450,0.262060,0.890637,0.6714,0.3286
24,5521,0.575487,0.152748,0.495475,0.895535,0.8000,0.2000
24,5571,0.586363,0.193540,0.360342,0.885420,0.5695,0.4305
24,5621,0.350361,0.149677,0.121412,0.884576,0.7000,0.3000
24,5671,0.328686,0.196336,0.187302,0.894222,0.8000,0.2000
25,5751,0.564005,0.174062,0.390032,0.887099,0.6500,0.3500
25,5801,0.441382,0.183437,0.198699,0.892080,0.6500,0.3500
25,5851,0.660400,0.162742,0.604605,0.883581,0.8000,0.2000
25,5901,0.559452,0.149489,0.318463,0.890402,0.5786,0.4214
26,5981,0.480168,0.148797,0.258850,0.891187,0.6500,0.3500
26,6031,0.519364,0.146033,0.427054,0.888601,0.8000,0.2000
26,6081,0.521267,0.131098,0.304930,0.878900,0.6231,0.3769
26,6131,0.413999,0.162185,0.183647,0.880726,0.6695,0.3305
27,6211,0.399120,0.206686,0.270126,0.878054,0.7878,0.2122
27,6261,0.491642,0.130502,0.284622,0.876109,0.6500,0.3500
27,6311,0.699534,0.209639,0.599957,0.884462,0.6500,0.3500
27,6361,0.426212,0.180469,0.167746,0.886611,0.6405,0.3595
28,6441,0.627425,0.187882,0.410691,0.885035,0.5431,0.4569
28,6491,0.596678,0.238295,0.465587,0.885501,0.6878,0.3122
28,6541,1.438654,0.191752,1.577551,0.883064,0.8000,0.2000
28,6591,0.523827,0.163490,0.322339,0.898019,0.6500,0.3500
29,6671,0.659841,0.180746,0.542869,0.877076,0.6500,0.3500
29,6721,0.447593,0.162815,0.329524,0.885967,0.7878,0.2122
29,6771,0.757416,0.176794,0.689611,0.883338,0.6500,0.3500
29,6821,0.603850,0.168122,0.455361,0.880711,0.6509,0.3491
30,6901,0.438346,0.142687,0.271420,0.882675,0.7269,0.2731
30,6951,0.502173,0.112452,0.173952,0.885382,0.5386,0.4614
30,7001,1.637331,0.222120,2.039502,0.890441,0.6500,0.3500
30,7051,0.498261,0.159493,0.383677,0.884817,0.7714,0.2286
31,7131,0.587685,0.145863,0.352310,0.889924,0.5622,0.4378
31,7181,0.414624,0.141261,0.195893,0.880398,0.6805,0.3195
31,7231,0.840787,0.154018,0.828242,0.890968,0.8000,0.2000
31,7281,0.448732,0.208650,0.216794,0.879473,0.6500,0.3500
32,7361,0.702322,0.214394,0.602751,0.887239,0.6500,0.3500
32,7411,0.320862,0.152687,0.180317,0.883045,0.8000,0.2000
32,7461,0.541253,0.108549,0.260117,0.884864,0.5500,0.4500
32,7511,0.480210,0.136815,0.313120,0.883224,0.7069,0.2931
33,7591,0.652322,0.155076,0.595141,0.881045,0.8000,0.2000
33,7641,0.711830,0.136860,0.614874,0.891892,0.6500,0.3500
33,7691,0.501548,0.141878,0.299096,0.877532,0.6500,0.3500
33,7741,0.304918,0.146770,0.157870,0.893113,0.8000,0.2000
34,7821,0.510342,0.161010,0.288583,0.876938,0.6231,0.3769
34,7871,0.368018,0.157747,0.148881,0.879336,0.7000,0.3000
34,7921,0.373952,0.250846,0.235163,0.889253,0.7878,0.2122
34,7971,0.464220,0.142810,0.237128,0.885960,0.6500,0.3500
35,8051,0.432076,0.157520,0.195368,0.889726,0.6591,0.3409
35,8101,0.408190,0.142910,0.280013,0.884092,0.7878,0.2122
35,8151,0.601545,0.130295,0.374593,0.892967,0.5622,0.4378
35,8201,0.884011,0.182093,0.887051,0.876678,0.7069,0.2931
36,8281,0.542296,0.188218,0.459280,0.874361,0.8000,0.2000
36,8331,0.626204,0.216857,0.486423,0.885798,0.6500,0.3500
36,8381,0.787882,0.181543,0.733832,0.888260,0.6500,0.3500
36,8431,0.729449,0.171071,0.690428,0.885532,0.8000,0.2000
37,8511,0.754817,0.122231,0.682620,0.888897,0.6500,0.3500
37,8561,0.662403,0.214633,0.541707,0.886553,0.6500,0.3500
37,8611,0.347233,0.146842,0.201286,0.889114,0.7878,0.2122
37,8661,0.604033,0.156971,0.414394,0.887424,0.5991,0.4009
38,8741,0.577531,0.216244,0.442683,0.892178,0.7000,0.3000
38,8791,0.359662,0.155806,0.161873,0.886142,0.7269,0.2731
38,8841,1.097034,0.180039,1.209428,0.888300,0.6500,0.3500
38,8891,0.498270,0.184769,0.285703,0.893038,0.6500,0.3500
39,8971,0.639847,0.119002,0.482683,0.885201,0.6095,0.3905
39,9021,0.565834,0.164218,0.374694,0.881814,0.6231,0.3769
39,9071,0.536053,0.167582,0.343981,0.892758,0.6500,0.3500
39,9121,0.885050,0.199991,0.884399,0.887652,0.8000,0.2000
40,9201,0.769094,0.127195,0.710072,0.878707,0.6500,0.3500
40,9251,0.457757,0.160792,0.221736,0.896081,0.6500,0.3500
40,9301,0.516106,0.160491,0.422640,0.889969,0.8000,0.2000
40,9351,0.508437,0.217562,0.223587,0.885332,0.5695,0.4305
41,9431,0.624834,0.214157,0.370899,0.888655,0.5095,0.4905
41,9481,0.489046,0.198634,0.391151,0.880627,0.8000,0.2000
41,9531,0.575409,0.174296,0.371907,0.879517,0.5991,0.4009
41,9581,0.446909,0.192630,0.212136,0.882916,0.6500,0.3500
42,9661,0.354347,0.232865,0.221582,0.885408,0.8000,0.2000
42,9711,0.520750,0.151893,0.323171,0.887682,0.6500,0.3500
42,9761,1.396610,0.242093,1.673380,0.882610,0.6500,0.3500
42,9811,0.571958,0.226855,0.492322,0.890500,0.8000,0.2000
43,9891,0.478635,0.158752,0.231068,0.887897,0.6231,0.3769
43,9941,0.756773,0.223640,0.687550,0.885328,0.6500,0.3500
43,9991,1.753972,0.225327,1.970926,0.886158,0.8000,0.2000
43,10041,0.680681,0.194085,0.538317,0.893425,0.5991,0.4009
44,10121,0.629849,0.229637,0.497889,0.874916,0.6500,0.3500
44,10171,0.671064,0.175573,0.615257,0.894290,0.8000,0.2000
44,10221,0.616756,0.163011,0.473169,0.883418,0.6500,0.3500
44,10271,0.514156,0.148104,0.332552,0.882113,0.6695,0.3305
45,10351,0.511044,0.183008,0.418304,0.882003,0.8000,0.2000
45,10401,0.614833,0.096713,0.468891,0.885869,0.6500,0.3500
45,10451,0.479625,0.156724,0.263434,0.881121,0.6500,0.3500
45,10501,0.912741,0.161224,0.918667,0.889035,0.8000,0.2000
46,10581,0.937636,0.193674,0.965000,0.886816,0.6500,0.3500
46,10631,0.809839,0.176632,0.763266,0.896330,0.6500,0.3500
46,10681,0.393097,0.201247,0.270061,0.885239,0.8000,0.2000
46,10731,0.618233,0.187171,0.390957,0.884069,0.5391,0.4609
47,10811,0.567393,0.204392,0.406573,0.878322,0.6591,0.3409
47,10861,0.497378,0.142361,0.391521,0.890410,0.7878,0.2122
47,10911,0.477975,0.155466,0.256998,0.888361,0.6500,0.3500
47,10961,0.693539,0.146323,0.587194,0.891037,0.6500,0.3500
48,11041,0.419372,0.223907,0.303934,0.881121,0.8000,0.2000
48,11091,0.642870,0.197356,0.511279,0.887253,0.6500,0.3500
48,11141,0.533795,0.184688,0.259079,0.899295,0.5709,0.4291
48,11191,0.544405,0.255434,0.433631,0.878330,0.7509,0.2491
49,11271,0.550211,0.175867,0.287119,0.888040,0.5622,0.4378
49,11321,0.990669,0.163289,1.044541,0.890619,0.6500,0.3500
49,11371,0.383525,0.126336,0.259350,0.880227,0.8000,0.2000
49,11421,0.812462,0.186654,0.771461,0.888605,0.6500,0.3500
50,11501,0.410566,0.128996,0.155133,0.884941,0.6500,0.3500
50,11551,0.804206,0.193541,0.783779,0.885911,0.8000,0.2000
50,11601,0.537932,0.157609,0.234913,0.891716,0.5386,0.4614
50,11651,0.447203,0.208465,0.208696,0.891905,0.6509,0.3491
51,11731,0.488474,0.170106,0.389095,0.885992,0.8000,0.2000
51,11781,0.482015,0.163490,0.211792,0.885831,0.5991,0.4009
51,11831,0.441305,0.149519,0.206166,0.877992,0.6500,0.3500
51,11881,0.442679,0.238329,0.331664,0.886737,0.8000,0.2000
52,11961,0.414683,0.225180,0.158530,0.890395,0.6500,0.3500
52,12011,0.689262,0.285468,0.589248,0.882630,0.6591,0.3409
52,12061,0.523759,0.215165,0.433144,0.886218,0.8000,0.2000
52,12111,0.631155,0.207997,0.494306,0.885305,0.6500,0.3500
53,12191,0.495925,0.183692,0.284569,0.888444,0.6500,0.3500
53,12241,0.708878,0.207546,0.606770,0.890762,0.6405,0.3595
53,12291,0.668850,0.171606,0.524711,0.884248,0.5991,0.4009
53,12341,0.527409,0.125319,0.360920,0.881935,0.6805,0.3195
54,12421,0.680396,0.192628,0.630245,0.881001,0.8000,0.2000
54,12471,0.797668,0.149660,0.746946,0.891866,0.6500,0.3500
54,12521,0.521169,0.106239,0.340749,0.886727,0.6695,0.3305
54,12571,0.550071,0.235352,0.448697,0.892062,0.7714,0.2286
55,12651,0.899863,0.185206,0.906388,0.887746,0.6500,0.3500
55,12701,0.452934,0.247033,0.239510,0.888917,0.6714,0.3286
55,12751,0.256916,0.154839,0.098419,0.890901,0.8000,0.2000
55,12801,0.411693,0.135920,0.155726,0.887060,0.6500,0.3500
56,12881,0.429023,0.135570,0.181623,0.888480,0.6500,0.3500
56,12931,0.544951,0.189167,0.454041,0.882488,0.7878,0.2122
56,12981,0.576066,0.184527,0.319484,0.889667,0.5500,0.4500
56,13031,1.484162,0.245707,1.804184,0.889835,0.6500,0.3500
57,13111,0.567943,0.263796,0.488079,0.887396,0.8000,0.2000
57,13161,0.616009,0.191704,0.455805,0.880846,0.6231,0.3769
57,13211,0.495179,0.173364,0.282977,0.889270,0.6500,0.3500
57,13261,0.685297,0.151747,0.435945,0.889313,0.4500,0.5500
58,13341,0.600861,0.161755,0.444353,0.891520,0.6500,0.3500
58,13391,0.426278,0.219795,0.178280,0.886846,0.6500,0.3500
58,13441,0.678742,0.138127,0.478511,0.878252,0.4991,0.5009
58,13491,0.552968,0.147729,0.270552,0.883298,0.5391,0.4609
59,13571,0.479724,0.225278,0.315466,0.877638,0.7078,0.2922
59,13621,0.436094,0.214634,0.286421,0.887280,0.7509,0.2491
59,13671,0.628778,0.239178,0.418901,0.877333,0.5422,0.4578
59,13721,0.728376,0.260822,0.656118,0.889890,0.6909,0.3091
60,13801,0.809720,0.167476,0.789280,0.891480,0.8000,0.2000
60,13851,0.973461,0.214938,1.037148,0.885999,0.5786,0.4214
60,13901,0.555078,0.176649,0.377338,0.885167,0.6500,0.3500
60,13951,0.737105,0.299401,0.699780,0.886404,0.8000,0.2000
61,14031,0.988132,0.272850,1.042757,0.886688,0.6500,0.3500
61,14081,0.524489,0.208154,0.314540,0.877275,0.6269,0.3731
61,14131,0.626024,0.157362,0.562034,0.881982,0.8000,0.2000
61,14181,0.603250,0.175056,0.411634,0.889597,0.5991,0.4009
62,14261,0.731578,0.196918,0.647644,0.887455,0.6500,0.3500
62,14311,0.722481,0.202096,0.683089,0.880053,0.8000,0.2000
62,14361,0.569833,0.128451,0.299509,0.885443,0.5386,0.4614
62,14411,0.582309,0.152043,0.417482,0.888416,0.6500,0.3500
63,14491,0.617888,0.210487,0.537282,0.889820,0.7714,0.2286
63,14541,1.315330,0.288690,1.545672,0.887550,0.6500,0.3500
63,14591,1.063878,0.183215,1.161292,0.882965,0.6500,0.3500
63,14641,0.388330,0.191732,0.263854,0.886235,0.8000,0.2000
64,14721,0.949502,0.298529,0.986534,0.880730,0.6500,0.3500
64,14771,0.623214,0.334603,0.481514,0.886371,0.6500,0.3500
64,14821,0.561796,0.131356,0.481196,0.884196,0.8000,0.2000
64,14871,0.441731,0.148771,0.176136,0.880796,0.6231,0.3769
65,14951,0.486276,0.151181,0.270422,0.887149,0.6500,0.3500
65,15001,0.927762,0.167238,0.937472,0.888922,0.8000,0.2000
65,15051,0.490763,0.192298,0.279697,0.882743,0.6500,0.3500
65,15101,0.500301,0.162179,0.291166,0.888693,0.6500,0.3500
66,15181,0.362273,0.165427,0.230331,0.890042,0.8000,0.2000
66,15231,0.574947,0.137812,0.384648,0.889537,0.6231,0.3769
66,15281,0.392398,0.207512,0.134291,0.891420,0.6591,0.3409
66,15331,0.567936,0.189859,0.489768,0.880605,0.8000,0.2000
67,15411,0.978045,0.184329,1.030301,0.880998,0.6500,0.3500
67,15461,0.597831,0.162250,0.441327,0.889637,0.6509,0.3491
67,15511,0.359517,0.210393,0.185871,0.882970,0.7509,0.2491
67,15561,0.517322,0.152135,0.224340,0.888846,0.5591,0.4409
68,15641,0.539092,0.199473,0.348446,0.893149,0.6500,0.3500
68,15691,0.829830,0.223744,0.814796,0.889968,0.8000,0.2000
68,15741,0.656459,0.257633,0.464288,0.880826,0.5386,0.4614
68,15791,0.523824,0.227397,0.323461,0.895927,0.6500,0.3500
69,15871,0.502212,0.169757,0.408481,0.877136,0.8000,0.2000
69,15921,0.448943,0.100176,0.189441,0.877932,0.6231,0.3769
69,15971,0.652022,0.186978,0.524836,0.888225,0.6500,0.3500
69,16021,0.706426,0.131635,0.663687,0.877382,0.8000,0.2000
70,16101,0.707431,0.153927,0.609267,0.889737,0.6500,0.3500
70,16151,0.686897,0.178361,0.577076,0.890850,0.6500,0.3500
70,16201,0.428535,0.188093,0.311846,0.895293,0.8000,0.2000
70,16251,0.640586,0.243402,0.503730,0.894748,0.6500,0.3500
71,16331,0.422435,0.169431,0.230208,0.886079,0.7069,0.2931
71,16381,0.692003,0.157415,0.644240,0.883052,0.8000,0.2000
71,16431,0.744202,0.164140,0.626323,0.888276,0.5500,0.4500
71,16481,0.500328,0.183773,0.208880,0.888090,0.5709,0.4291
72,16561,0.697737,0.204959,0.650720,0.885804,0.8000,0.2000
72,16611,0.713500,0.209485,0.619308,0.888428,0.6500,0.3500
72,16661,0.902047,0.211349,0.915844,0.876423,0.6500,0.3500
72,16711,0.555441,0.149453,0.473786,0.882061,0.8000,0.2000
73,16791,0.858702,0.146968,0.839201,0.894918,0.6500,0.3500
73,16841,0.438730,0.157034,0.247040,0.886006,0.7000,0.3000
73,16891,0.430040,0.184402,0.316125,0.885700,0.8000,0.2000
73,16941,0.456723,0.209364,0.193299,0.892198,0.6231,0.3769
74,17021,0.828140,0.108125,0.796756,0.886424,0.6500,0.3500
74,17071,0.531391,0.207478,0.206972,0.887220,0.5231,0.4769
74,17121,0.521356,0.131087,0.211189,0.883485,0.5386,0.4614
74,17171,0.553834,0.244209,0.402160,0.876812,0.6805,0.3195
75,17251,0.454177,0.141279,0.141200,0.884788,0.5791,0.4209
75,17301,0.463454,0.142201,0.234976,0.887771,0.6500,0.3500
75,17351,0.633229,0.191159,0.495685,0.888669,0.6500,0.3500
75,17401,0.875059,0.240253,0.870670,0.886741,0.7269,0.2731
76,17481,0.788153,0.159464,0.703056,0.889300,0.5431,0.4569
76,17531,0.480895,0.209345,0.279448,0.889057,0.6695,0.3305
76,17581,0.385751,0.195923,0.261104,0.884340,0.8000,0.2000
76,17631,0.691237,0.163207,0.550421,0.877555,0.5695,0.4305
77,17711,0.428230,0.154823,0.203431,0.883707,0.6695,0.3305
77,17761,0.562029,0.195634,0.482994,0.878169,0.8000,0.2000
77,17811,0.670508,0.194801,0.488968,0.892391,0.5500,0.4500
77,17861,0.665622,0.170025,0.549900,0.880533,0.6500,0.3500
78,17941,1.456125,0.169697,1.597850,0.889225,0.8000,0.2000
78,17991,0.520931,0.213802,0.254358,0.887015,0.5786,0.4214
78,18041,0.700511,0.159142,0.604135,0.879494,0.6500,0.3500
78,18091,0.503084,0.209812,0.406164,0.890760,0.8000,0.2000
79,18171,0.460657,0.181207,0.231391,0.886437,0.6500,0.3500
79,18221,0.435251,0.180949,0.244459,0.880431,0.7000,0.3000
79,18271,0.550065,0.154254,0.466834,0.882989,0.8000,0.2000
79,18321,0.453203,0.233178,0.166721,0.881315,0.5991,0.4009
80,18401,0.626296,0.166800,0.484299,0.890004,0.6500,0.3500
80,18451,0.508624,0.173978,0.262827,0.892345,0.6095,0.3905
80,18501,0.427764,0.180248,0.147569,0.890962,0.6231,0.3769
80,18551,0.606470,0.234092,0.457870,0.882441,0.6500,0.3500
81,18631,0.473531,0.147588,0.339228,0.878384,0.7509,0.2491
81,18681,0.500189,0.137419,0.192902,0.889853,0.5591,0.4409
81,18731,0.669220,0.173604,0.548516,0.893385,0.6500,0.3500
81,18781,0.585494,0.152135,0.510411,0.885826,0.8000,0.2000
82,18861,0.522891,0.138443,0.215795,0.886582,0.5422,0.4578
82,18911,0.650294,0.173878,0.527311,0.888067,0.6591,0.3409
82,18961,0.841518,0.175954,0.831354,0.882171,0.8000,0.2000
82,19011,0.514097,0.227017,0.250533,0.876049,0.5786,0.4214
83,19091,1.083433,0.200438,1.169736,0.882058,0.7000,0.3000
83,19141,0.797108,0.136635,0.733755,0.884273,0.5791,0.4209
83,19191,0.494405,0.119401,0.178446,0.880578,0.5500,0.4500
83,19241,0.891524,0.164519,0.900305,0.881197,0.5405,0.4595
84,19321,0.737213,0.186170,0.666649,0.881066,0.6709,0.3291
84,19371,0.564786,0.182751,0.351691,0.884430,0.6000,0.4000
84,19421,0.586131,0.171845,0.429801,0.876459,0.6500,0.3500
84,19471,0.432430,0.163723,0.213198,0.879359,0.6709,0.3291
85,19551,0.655084,0.243443,0.484162,0.889811,0.5786,0.4214
85,19601,0.691113,0.163222,0.582531,0.892767,0.6500,0.3500
85,19651,0.400543,0.142466,0.280711,0.879872,0.8000,0.2000
85,19701,0.565565,0.160472,0.316457,0.885439,0.5622,0.4378
86,19781,1.366451,0.157186,1.621693,0.892430,0.6500,0.3500
86,19831,0.803850,0.184050,0.739128,0.882954,0.5500,0.4500
86,19881,0.677045,0.163519,0.565276,0.884614,0.6500,0.3500
86,19931,0.772032,0.251944,0.713116,0.881447,0.6500,0.3500
87,20011,0.534453,0.161530,0.437528,0.894322,0.7878,0.2122
87,20061,0.494825,0.153861,0.284666,0.885120,0.6500,0.3500
87,20111,0.448770,0.124997,0.233970,0.883988,0.6695,0.3305
87,20161,1.106349,0.198331,1.161053,0.887533,0.8000,0.2000
88,20241,0.443156,0.122858,0.150945,0.879830,0.5991,0.4009
88,20291,0.574235,0.170833,0.406864,0.885067,0.6500,0.3500
88,20341,0.519540,0.172235,0.222225,0.882925,0.5500,0.4500
88,20391,0.759908,0.177081,0.658975,0.893456,0.5695,0.4305
89,20471,0.515199,0.151886,0.325387,0.882180,0.6591,0.3409
89,20521,0.391254,0.179264,0.266155,0.891649,0.8000,0.2000
89,20571,0.721797,0.187810,0.638229,0.876994,0.6500,0.3500
89,20621,1.059752,0.226742,1.133804,0.894228,0.6909,0.3091
90,20701,0.457335,0.115786,0.352279,0.877558,0.8000,0.2000
90,20751,0.528364,0.163274,0.244902,0.874817,0.5500,0.4500
90,20801,0.895695,0.151612,0.899010,0.889538,0.6500,0.3500
90,20851,0.590707,0.167974,0.518148,0.880944,0.8000,0.2000
91,20931,0.617200,0.195589,0.390160,0.882760,0.5391,0.4609
91,20981,0.425775,0.133751,0.208715,0.887990,0.6805,0.3195
91,21031,0.578854,0.160438,0.298998,0.885805,0.5231,0.4769
91,21081,0.644658,0.159347,0.449766,0.882860,0.5500,0.4500
92,21161,0.900970,0.160172,0.908668,0.886672,0.6500,0.3500
92,21211,0.777326,0.189654,0.739605,0.877736,0.7269,0.2731
92,21261,0.604629,0.124559,0.396097,0.891005,0.5786,0.4214
92,21311,0.752482,0.180635,0.667267,0.895671,0.6269,0.3731
93,21391,0.275024,0.142063,0.124128,0.878612,0.8000,0.2000
93,21441,0.507650,0.170095,0.244026,0.888430,0.5909,0.4091
93,21491,0.437108,0.168372,0.193907,0.888766,0.6500,0.3500
93,21541,0.861450,0.148639,0.855877,0.883741,0.8000,0.2000
94,21621,0.680364,0.119165,0.503038,0.887397,0.5386,0.4614
94,21671,0.749868,0.149902,0.677031,0.885136,0.6500,0.3500
94,21721,1.119902,0.180670,1.178511,0.885468,0.8000,0.2000
94,21771,0.573193,0.132575,0.404389,0.886687,0.6500,0.3500
95,21851,0.699171,0.181292,0.596502,0.889842,0.6500,0.3500
95,21901,0.548509,0.145622,0.276516,0.880946,0.5500,0.4500
95,21951,0.502351,0.111735,0.192448,0.881121,0.5500,0.4500
95,22001,0.890852,0.237143,0.890716,0.891107,0.6500,0.3500
96,22081,0.366383,0.120270,0.237544,0.881737,0.8000,0.2000
96,22131,0.453340,0.138539,0.214255,0.897353,0.6500,0.3500
96,22181,0.499581,0.236132,0.299291,0.886821,0.6591,0.3409
96,22231,0.391944,0.184253,0.268418,0.886051,0.8000,0.2000
97,22311,0.623447,0.167240,0.431873,0.886536,0.5786,0.4214
97,22361,0.398892,0.123008,0.192510,0.880451,0.7000,0.3000
97,22411,0.425977,0.156489,0.309871,0.890399,0.8000,0.2000
97,22461,0.941973,0.153167,0.969070,0.891651,0.6500,0.3500
98,22541,0.409991,0.117214,0.200162,0.899593,0.7000,0.3000
98,22591,0.459170,0.161125,0.334878,0.878480,0.7714,0.2286
98,22641,0.713823,0.142990,0.621228,0.885784,0.6500,0.3500
98,22691,0.445847,0.166942,0.215558,0.891088,0.6591,0.3409
99,22771,0.337808,0.137687,0.156097,0.885573,0.7509,0.2491
99,22821,0.642021,0.155271,0.507678,0.891515,0.6500,0.3500
99,22871,0.592743,0.187124,0.471372,0.885483,0.7069,0.2931
99,22921,0.679001,0.171763,0.625057,0.879290,0.7878,0.2122
100,23001,0.537651,0.212517,0.286607,0.882411,0.5786,0.4214
100,23051,0.649741,0.116390,0.525446,0.880576,0.6500,0.3500
100,23101,1.159778,0.153141,1.227160,0.890255,0.8000,0.2000
100,23151,0.477184,0.166844,0.204587,0.884547,0.5991,0.4009
101,23231,0.515535,0.235114,0.314509,0.888870,0.6500,0.3500
101,23281,0.597496,0.137014,0.522521,0.897394,0.8000,0.2000
101,23331,0.648522,0.241633,0.468142,0.877259,0.5591,0.4409
101,23381,0.610708,0.173482,0.492943,0.885495,0.7000,0.3000
102,23461,0.548572,0.152144,0.459494,0.879309,0.7878,0.2122
102,23511,0.647153,0.243330,0.450013,0.877739,0.5391,0.4609
102,23561,0.935189,0.112395,0.963498,0.882614,0.6500,0.3500
102,23611,0.361849,0.194839,0.230299,0.888046,0.8000,0.2000
103,23691,0.820301,0.191337,0.791489,0.873810,0.6500,0.3500
103,23741,0.579078,0.170392,0.410451,0.892243,0.6500,0.3500
103,23791,0.686433,0.197414,0.620389,0.885522,0.7509,0.2491
103,23841,0.442818,0.163617,0.175889,0.884088,0.6231,0.3769
104,23921,0.440480,0.166999,0.209611,0.886842,0.6591,0.3409
104,23971,0.447388,0.159887,0.205750,0.877814,0.6405,0.3595
104,24021,0.727303,0.163452,0.611773,0.875652,0.5622,0.4378
104,24071,0.651091,0.134095,0.521255,0.892217,0.6500,0.3500
105,24151,0.578315,0.184813,0.426553,0.887699,0.6709,0.3291
105,24201,0.656854,0.140223,0.533588,0.885778,0.6500,0.3500
105,24251,0.949309,0.183343,0.986854,0.879583,0.6500,0.3500
105,24301,0.429170,0.210609,0.313352,0.892441,0.8000,0.2000
106,24381,0.492099,0.166120,0.152367,0.888747,0.5386,0.4614
106,24431,0.627179,0.250818,0.485140,0.890966,0.6500,0.3500
106,24481,0.585222,0.177675,0.390516,0.889184,0.6095,0.3905
106,24531,0.479892,0.174281,0.210909,0.881856,0.5991,0.4009
107,24611,0.503944,0.127544,0.298278,0.885894,0.6500,0.3500
107,24661,0.863091,0.193475,0.857974,0.883562,0.8000,0.2000
107,24711,0.605260,0.150439,0.383845,0.886033,0.5591,0.4409
107,24761,0.456644,0.130819,0.245101,0.885264,0.6695,0.3305
108,24841,0.539058,0.198269,0.254543,0.886798,0.5500,0.4500
108,24891,0.784296,0.148634,0.733408,0.878802,0.6500,0.3500
108,24941,0.569498,0.219669,0.409653,0.893368,0.6695,0.3305
108,24991,0.377418,0.172902,0.249778,0.887977,0.8000,0.2000
109,25071,0.413911,0.086840,0.125810,0.890179,0.6231,0.3769
109,25121,0.523952,0.188089,0.330196,0.883786,0.6500,0.3500
109,25171,0.430074,0.101652,0.315046,0.890189,0.8000,0.2000
109,25221,0.610741,0.156799,0.402377,0.886436,0.5695,0.4305
110,25301,0.397340,0.166100,0.164351,0.869410,0.6695,0.3305
110,25351,0.295356,0.174255,0.146173,0.892088,0.8000,0.2000
110,25401,0.555906,0.204811,0.375886,0.890227,0.6500,0.3500
110,25451,0.874670,0.274186,0.865047,0.892543,0.6500,0.3500
111,25531,1.045094,0.230653,1.085271,0.884385,0.8000,0.2000
111,25581,1.153661,0.198533,1.294528,0.892050,0.6500,0.3500
111,25631,0.430408,0.108264,0.190071,0.895076,0.6591,0.3409
111,25681,0.703159,0.234971,0.659314,0.878539,0.8000,0.2000
112,25761,0.399644,0.146063,0.137312,0.886833,0.6500,0.3500
112,25811,0.518680,0.238654,0.323403,0.881336,0.6500,0.3500
112,25861,0.419191,0.201328,0.219515,0.885101,0.7000,0.3000
112,25911,0.796122,0.148948,0.731283,0.878344,0.5591,0.4409
113,25991,0.393268,0.175797,0.188174,0.887946,0.7069,0.2931
113,26041,0.726250,0.217057,0.686434,0.885512,0.8000,0.2000
113,26091,0.662849,0.242145,0.529207,0.883776,0.6231,0.3769
113,26141,0.432288,0.112560,0.251514,0.877798,0.7114,0.2886
114,26221,0.411314,0.202626,0.208387,0.884809,0.7000,0.3000
114,26271,0.658671,0.152596,0.484316,0.882556,0.5622,0.4378
114,26321,0.955344,0.226343,0.990043,0.890903,0.6500,0.3500
114,26371,0.578905,0.233486,0.330165,0.882921,0.5500,0.4500
115,26451,1.058392,0.141491,1.148181,0.891642,0.6500,0.3500
115,26501,0.588522,0.167937,0.443418,0.882525,0.6695,0.3305
115,26551,0.552830,0.157492,0.468362,0.890701,0.8000,0.2000
115,26601,0.487348,0.152432,0.189394,0.869942,0.5622,0.4378
116,26681,0.613913,0.161637,0.465957,0.888688,0.6500,0.3500
116,26731,0.349358,0.133191,0.147914,0.885570,0.7269,0.2731
116,26781,0.850833,0.200802,0.835598,0.879127,0.6500,0.3500
116,26831,0.449563,0.204370,0.271251,0.881522,0.7078,0.2922
117,26911,0.352540,0.248118,0.209194,0.884766,0.7878,0.2122
117,26961,0.751222,0.170417,0.681361,0.880963,0.6500,0.3500
117,27011,0.549090,0.180039,0.366008,0.889100,0.6500,0.3500
117,27061,0.653056,0.176974,0.552502,0.887683,0.7000,0.3000
118,27141,0.493590,0.195548,0.200980,0.895432,0.5786,0.4214
118,27191,0.641271,0.159817,0.512142,0.881083,0.6500,0.3500
118,27241,0.745070,0.146177,0.710561,0.883108,0.8000,0.2000
118,27291,0.680290,0.266748,0.542867,0.886424,0.6000,0.4000
119,27371,0.587922,0.250398,0.446639,0.888774,0.6805,0.3195
119,27421,0.535435,0.170827,0.419231,0.885732,0.7509,0.2491
119,27471,0.757819,0.223469,0.687065,0.889220,0.6500,0.3500
119,27521,0.794665,0.149070,0.743909,0.888926,0.6500,0.3500
120,27601,0.570772,0.233503,0.463033,0.895550,0.7509,0.2491
120,27651,0.625087,0.215746,0.485125,0.885017,0.6500,0.3500
120,27701,1.293095,0.170380,1.511759,0.887005,0.6500,0.3500
120,27751,0.442808,0.197481,0.332085,0.885699,0.8000,0.2000
121,27831,0.445633,0.166388,0.151676,0.884915,0.5991,0.4009
121,27881,0.645782,0.172490,0.518165,0.882786,0.6500,0.3500
121,27931,0.489656,0.148609,0.294807,0.886876,0.6709,0.3291
121,27981,0.610893,0.246870,0.427853,0.884424,0.5991,0.4009
122,28061,0.781536,0.205860,0.732759,0.885402,0.6805,0.3195
122,28111,0.326399,0.207249,0.187147,0.883409,0.8000,0.2000
122,28161,0.613321,0.200476,0.385436,0.891847,0.5500,0.4500
122,28211,0.884545,0.244420,0.882686,0.887997,0.6500,0.3500
123,28291,0.460432,0.192292,0.354276,0.885056,0.8000,0.2000
123,28341,0.619223,0.177925,0.433773,0.887088,0.5909,0.4091
123,28391,0.715391,0.163487,0.621331,0.890074,0.6500,0.3500
123,28441,0.839230,0.196894,0.821804,0.879891,0.7000,0.3000
124,28521,0.496054,0.138090,0.173180,0.879823,0.5431,0.4569
124,28571,0.477915,0.150952,0.264373,0.890779,0.6591,0.3409
124,28621,0.474072,0.158774,0.245165,0.881818,0.6405,0.3595
124,28671,0.965562,0.204520,1.032857,0.883312,0.5500,0.4500
125,28751,0.360311,0.166949,0.145147,0.889407,0.7109,0.2891
125,28801,0.780670,0.194840,0.755142,0.882784,0.8000,0.2000
125,28851,0.488968,0.110347,0.248348,0.886745,0.6231,0.3769
125,28901,0.370931,0.148010,0.142500,0.881524,0.6909,0.3091
126,28981,0.429031,0.117356,0.172684,0.885655,0.6405,0.3595
126,29031,0.754066,0.151935,0.659141,0.884425,0.5786,0.4214
126,29081,0.466987,0.271741,0.244163,0.880803,0.6500,0.3500
126,29131,0.510806,0.282075,0.418799,0.878831,0.8000,0.2000
127,29211,0.541894,0.131245,0.358129,0.883171,0.6500,0.3500
127,29261,0.455408,0.205389,0.225823,0.881780,0.6500,0.3500
127,29311,0.533305,0.232840,0.445332,0.885199,0.8000,0.2000
127,29361,0.564892,0.179631,0.393688,0.882843,0.6500,0.3500
128,29441,0.596732,0.176855,0.438162,0.891220,0.6500,0.3500
128,29491,0.606556,0.201052,0.536790,0.885621,0.8000,0.2000
128,29541,0.628506,0.168865,0.474805,0.882594,0.6231,0.3769
128,29591,0.654489,0.172547,0.551889,0.883823,0.6909,0.3091
129,29671,0.657945,0.140192,0.368378,0.884215,0.4386,0.5614
129,29721,0.893059,0.156450,0.894785,0.889854,0.6500,0.3500
129,29771,0.578246,0.160135,0.451573,0.890429,0.7114,0.2886
129,29821,0.420105,0.231228,0.302562,0.890276,0.8000,0.2000
130,29901,0.755136,0.180005,0.688101,0.879629,0.6500,0.3500
130,29951,0.488156,0.146893,0.269665,0.893927,0.6500,0.3500
130,30001,1.089774,0.206334,1.139734,0.889932,0.8000,0.2000
130,30051,0.444870,0.174245,0.114711,0.881716,0.5695,0.4305
131,30131,0.513044,0.123221,0.310958,0.888347,0.6500,0.3500
131,30181,0.824937,0.160827,0.757585,0.892048,0.4991,0.5009
131,30231,0.531951,0.178922,0.342723,0.883373,0.6500,0.3500
131,30281,0.554410,0.175191,0.387347,0.892905,0.6695,0.3305
132,30361,0.549058,0.162012,0.465715,0.882432,0.8000,0.2000
132,30411,0.639101,0.204053,0.450335,0.881491,0.5622,0.4378
132,30461,0.718380,0.139223,0.641495,0.882101,0.6805,0.3195
132,30511,0.275497,0.114179,0.124172,0.880795,0.8000,0.2000
133,30591,0.391749,0.139860,0.125969,0.885340,0.6500,0.3500
133,30641,0.784204,0.172442,0.739454,0.879496,0.6805,0.3195
133,30691,0.662815,0.202951,0.384534,0.884219,0.4431,0.5569
133,30741,0.660931,0.146001,0.468518,0.885579,0.5386,0.4614
134,30821,0.537069,0.188425,0.350666,0.883247,0.6500,0.3500
134,30871,0.953835,0.219128,0.972129,0.880656,0.8000,0.2000
134,30921,0.456423,0.190042,0.197046,0.885206,0.6231,0.3769
134,30971,0.596547,0.175057,0.437660,0.891622,0.6500,0.3500
135,31051,0.289082,0.191661,0.139580,0.887089,0.8000,0.2000
135,31101,0.541552,0.226812,0.357675,0.883037,0.6500,0.3500
135,31151,0.575275,0.242309,0.407752,0.886390,0.6500,0.3500
135,31201,0.942358,0.240475,0.987870,0.886733,0.5500,0.4500
136,31281,0.497900,0.157589,0.204849,0.885648,0.5695,0.4305
136,31331,0.469315,0.135782,0.294659,0.890577,0.7069,0.2931
136,31381,0.355163,0.123061,0.221432,0.890089,0.8000,0.2000
136,31431,0.505839,0.116221,0.231511,0.882574,0.5786,0.4214
137,31511,0.812813,0.152642,0.782951,0.885154,0.7078,0.2922
137,31561,0.319112,0.126257,0.177374,0.886062,0.8000,0.2000
137,31611,0.552227,0.107491,0.264029,0.894779,0.5431,0.4569
137,31661,0.470902,0.181782,0.256162,0.886080,0.6591,0.3409
138,31741,0.568327,0.149283,0.368436,0.880383,0.6095,0.3905
138,31791,0.574779,0.151204,0.327767,0.888009,0.5591,0.4409
138,31841,1.190982,0.197790,1.354971,0.886432,0.6500,0.3500
138,31891,0.580363,0.158867,0.503819,0.886538,0.8000,0.2000
139,31971,0.397923,0.164799,0.104299,0.883322,0.6231,0.3769
139,32021,0.399783,0.170982,0.138912,0.884259,0.6500,0.3500
139,32071,0.526762,0.242565,0.436928,0.886101,0.8000,0.2000
139,32121,0.705002,0.146459,0.584434,0.885853,0.6000,0.4000
140,32201,0.868575,0.199406,0.859476,0.883865,0.6269,0.3731
140,32251,0.507542,0.145735,0.414016,0.881644,0.8000,0.2000
140,32301,0.719529,0.205703,0.633562,0.879181,0.6500,0.3500
140,32351,0.441326,0.186297,0.212670,0.883408,0.6591,0.3409
141,32431,0.306418,0.152208,0.150349,0.885882,0.7878,0.2122
141,32481,0.728502,0.198915,0.594183,0.888153,0.5431,0.4569
141,32531,0.624762,0.180660,0.515381,0.888584,0.7069,0.2931
141,32581,0.409670,0.139872,0.289410,0.890712,0.8000,0.2000
142,32661,0.435551,0.143764,0.191326,0.889112,0.6500,0.3500
142,32711,0.562250,0.159349,0.408766,0.889085,0.6805,0.3195
142,32761,0.770219,0.160257,0.742449,0.881297,0.8000,0.2000
142,32811,0.540534,0.126565,0.355094,0.884923,0.6500,0.3500
143,32891,0.735475,0.162138,0.662883,0.890053,0.6805,0.3195
143,32941,0.459026,0.195801,0.317031,0.887069,0.7509,0.2491
143,32991,0.629002,0.218059,0.491377,0.884593,0.6500,0.3500
143,33041,0.471645,0.117899,0.249737,0.883760,0.6500,0.3500
144,33121,0.484075,0.142476,0.232103,0.877437,0.6095,0.3905
144,33171,0.460731,0.130915,0.096522,0.892060,0.5422,0.4578
144,33221,0.628610,0.183714,0.488187,0.890432,0.6509,0.3491
144,33271,0.563929,0.204427,0.466531,0.892510,0.7714,0.2286
145,33351,0.445005,0.208151,0.209025,0.883253,0.6500,0.3500
145,33401,0.440942,0.182162,0.204928,0.879255,0.6500,0.3500
145,33451,0.569009,0.155027,0.489700,0.886245,0.8000,0.2000
145,33501,0.544201,0.204970,0.360110,0.886083,0.6500,0.3500
146,33581,0.510250,0.137971,0.326468,0.882621,0.6695,0.3305
146,33631,0.549485,0.169790,0.464445,0.889648,0.8000,0.2000
146,33681,0.873875,0.189122,0.870434,0.880266,0.6500,0.3500
146,33731,0.490110,0.144836,0.278666,0.882791,0.6500,0.3500
147,33811,0.638364,0.148364,0.576684,0.885082,0.8000,0.2000
147,33861,0.769976,0.169045,0.677146,0.883435,0.5500,0.4500
147,33911,0.788080,0.161658,0.739613,0.881788,0.6591,0.3409
147,33961,0.694322,0.152306,0.647299,0.882416,0.8000,0.2000
148,34041,2.182962,0.209383,2.875715,0.896422,0.6500,0.3500
148,34091,0.419248,0.146022,0.172134,0.878174,0.6500,0.3500
148,34141,0.822898,0.197652,0.805341,0.893126,0.8000,0.2000
148,34191,0.547325,0.171514,0.365178,0.885599,0.6500,0.3500
149,34271,0.607267,0.193996,0.454437,0.891095,0.6500,0.3500
149,34321,0.814479,0.206204,0.796224,0.887496,0.8000,0.2000
149,34371,0.571932,0.111705,0.347306,0.880411,0.5786,0.4214
149,34421,0.689967,0.191826,0.584192,0.886407,0.6500,0.3500
150,34501,0.561059,0.161529,0.274232,0.875656,0.5231,0.4769
150,34551,0.583339,0.191942,0.417611,0.891121,0.6500,0.3500
150,34601,0.646289,0.124402,0.520796,0.888917,0.6591,0.3409
150,34651,0.947024,0.171646,0.960816,0.891854,0.8000,0.2000
151,34731,0.492644,0.151078,0.225858,0.891323,0.5991,0.4009
151,34781,0.628718,0.178458,0.524842,0.884152,0.7109,0.2891
151,34831,0.784106,0.140482,0.749739,0.887705,0.7509,0.2491
151,34881,0.504698,0.136126,0.299666,0.885473,0.6500,0.3500
152,34961,0.656279,0.165910,0.528569,0.893454,0.6500,0.3500
152,35011,0.361184,0.179403,0.219726,0.886398,0.7878,0.2122
152,35061,0.480038,0.169369,0.254483,0.898924,0.6500,0.3500
152,35111,0.922946,0.153013,0.942604,0.886438,0.6500,0.3500
153,35191,0.430444,0.143524,0.309438,0.879720,0.7878,0.2122
153,35241,0.466830,0.168339,0.184695,0.888447,0.5991,0.4009
153,35291,0.701589,0.198392,0.605287,0.880435,0.6500,0.3500
153,35341,0.569162,0.187290,0.487147,0.897224,0.8000,0.2000
154,35421,0.867793,0.177897,0.853408,0.894509,0.6500,0.3500
154,35471,0.356771,0.169206,0.135858,0.891930,0.7078,0.2922
154,35521,0.667160,0.148813,0.610147,0.895211,0.8000,0.2000
154,35571,0.805323,0.184335,0.758648,0.892004,0.6500,0.3500
155,35651,0.523996,0.169772,0.331348,0.881771,0.6500,0.3500
155,35701,1.036503,0.199229,1.073461,0.888674,0.8000,0.2000
155,35751,0.639654,0.175475,0.506480,0.886977,0.6500,0.3500
155,35801,0.625773,0.176835,0.486657,0.884131,0.6500,0.3500
156,35881,0.613253,0.149386,0.545134,0.885728,0.8000,0.2000
156,35931,1.175886,0.186703,1.332505,0.885022,0.6500,0.3500
156,35981,0.453586,0.156319,0.221615,0.884389,0.6500,0.3500
156,36031,0.580340,0.142924,0.504509,0.883664,0.8000,0.2000
157,36111,0.560747,0.138462,0.308599,0.884524,0.5622,0.4378
157,36161,0.995499,0.173457,1.059527,0.876591,0.6500,0.3500
157,36211,0.475956,0.189725,0.301692,0.882571,0.7000,0.3000
157,36261,0.445632,0.174693,0.180191,0.884440,0.6231,0.3769
158,36341,0.556358,0.185483,0.403288,0.882309,0.6805,0.3195
158,36391,1.495175,0.193593,1.647998,0.883881,0.8000,0.2000
158,36441,0.631545,0.146951,0.422539,0.879069,0.5422,0.4578
158,36491,0.514066,0.208050,0.321925,0.885552,0.6591,0.3409
159,36571,0.372858,0.163429,0.219910,0.888839,0.7714,0.2286
159,36621,0.790098,0.163554,0.743460,0.876709,0.6500,0.3500
159,36671,0.598521,0.149109,0.455209,0.888893,0.6695,0.3305
159,36721,0.427224,0.149987,0.275464,0.884699,0.7509,0.2491
160,36801,0.554394,0.140378,0.294668,0.883746,0.5591,0.4409
160,36851,0.497399,0.111858,0.290582,0.881487,0.6500,0.3500
160,36901,0.890748,0.165036,0.891917,0.886072,0.8000,0.2000
160,36951,0.588680,0.188185,0.409205,0.885375,0.6231,0.3769
161,37031,0.907266,0.167274,0.921466,0.880896,0.6500,0.3500
161,37081,0.601631,0.131347,0.529300,0.890955,0.8000,0.2000
161,37131,0.696334,0.156367,0.595993,0.882682,0.6500,0.3500
161,37181,0.411108,0.130651,0.168395,0.880370,0.6591,0.3409
162,37261,0.746694,0.235506,0.699150,0.890015,0.7509,0.2491
162,37311,0.438409,0.159592,0.198281,0.884361,0.6500,0.3500
162,37361,0.441289,0.140238,0.209945,0.888568,0.6591,0.3409
162,37411,0.306680,0.144681,0.162530,0.883280,0.8000,0.2000
163,37491,0.753017,0.140454,0.681821,0.885238,0.6500,0.3500
163,37541,0.705690,0.173939,0.618953,0.890390,0.6805,0.3195
163,37591,0.622982,0.153592,0.543421,0.891388,0.7714,0.2286
163,37641,0.595077,0.176104,0.438023,0.886749,0.6500,0.3500
164,37721,0.527051,0.155059,0.378528,0.885283,0.7069,0.2931
164,37771,0.374616,0.163451,0.205170,0.885408,0.7509,0.2491
164,37821,0.457309,0.142473,0.126805,0.881701,0.5622,0.4378
164,37871,0.817633,0.212633,0.788285,0.889960,0.7114,0.2886
165,37951,0.435155,0.212616,0.214494,0.884996,0.6709,0.3291
165,38001,0.763488,0.166362,0.695463,0.889820,0.6500,0.3500
165,38051,0.528869,0.184609,0.383572,0.886158,0.7109,0.2891
165,38101,0.561612,0.188081,0.481145,0.883478,0.8000,0.2000
166,38181,0.440625,0.126953,0.201137,0.885388,0.6500,0.3500
166,38231,0.653545,0.179342,0.531734,0.879765,0.6500,0.3500
166,38281,0.685588,0.224765,0.445290,0.882196,0.4500,0.5500
166,38331,0.525970,0.153450,0.330862,0.888314,0.6500,0.3500
167,38411,0.613435,0.169728,0.468754,0.882128,0.6500,0.3500
167,38461,0.636507,0.165125,0.573723,0.887644,0.8000,0.2000
167,38511,0.675080,0.213461,0.512640,0.881067,0.5591,0.4409
167,38561,0.531635,0.175906,0.356593,0.886296,0.6695,0.3305
168,38641,0.721411,0.117011,0.631012,0.882436,0.6405,0.3595
168,38691,0.539091,0.219852,0.331136,0.882869,0.6231,0.3769
168,38741,0.441195,0.139776,0.249542,0.888385,0.7000,0.3000
168,38791,0.970554,0.131672,0.990844,0.889393,0.8000,0.2000
169,38871,0.469452,0.154702,0.248045,0.880637,0.6500,0.3500
169,38921,0.481249,0.171192,0.270668,0.888386,0.6591,0.3409
169,38971,0.435515,0.148074,0.242885,0.884986,0.7000,0.3000
169,39021,0.546865,0.164784,0.360320,0.893307,0.6500,0.3500
170,39101,0.831665,0.210252,0.810404,0.882946,0.7069,0.2931
170,39151,0.551030,0.150062,0.409804,0.880557,0.7000,0.3000
170,39201,0.527444,0.109348,0.310123,0.886705,0.6231,0.3769
170,39251,0.472410,0.128353,0.246426,0.892096,0.6500,0.3500
171,39331,0.485125,0.203396,0.384885,0.886086,0.8000,0.2000
171,39381,0.614041,0.161043,0.470076,0.881406,0.6500,0.3500
171,39431,0.355106,0.114668,0.113415,0.895338,0.6909,0.3091
171,39481,0.596316,0.120121,0.386849,0.884512,0.5791,0.4209
172,39561,0.430806,0.153082,0.155252,0.886333,0.6231,0.3769
172,39611,0.457452,0.195422,0.283708,0.876513,0.7069,0.2931
172,39661,0.683060,0.123444,0.632171,0.886618,0.8000,0.2000
172,39711,0.578631,0.131071,0.412531,0.887102,0.6500,0.3500
173,39791,0.924367,0.188519,0.946464,0.883329,0.6500,0.3500
173,39841,0.779782,0.163215,0.752912,0.887265,0.8000,0.2000
173,39891,0.618156,0.115992,0.383097,0.892594,0.5386,0.4614
173,39941,0.641353,0.206692,0.509145,0.886883,0.6500,0.3500
174,40021,0.357504,0.136567,0.180330,0.891589,0.7509,0.2491
174,40071,0.703010,0.187119,0.601720,0.891119,0.6500,0.3500
174,40121,0.534901,0.146370,0.352640,0.873386,0.6500,0.3500
174,40171,0.638762,0.141315,0.463782,0.879508,0.5791,0.4209
175,40251,0.509871,0.268148,0.306840,0.886928,0.6500,0.3500
175,40301,0.753544,0.157361,0.684190,0.882343,0.6500,0.3500
175,40351,0.487175,0.186142,0.198589,0.884227,0.5791,0.4209
175,40401,0.731627,0.177743,0.605021,0.881565,0.5422,0.4578
176,40481,0.668686,0.193479,0.577452,0.881563,0.7000,0.3000
176,40531,0.826905,0.192040,0.810199,0.893732,0.8000,0.2000
176,40581,0.901794,0.155212,0.916724,0.890042,0.4405,0.5595
176,40631,0.677102,0.175543,0.568465,0.878857,0.6500,0.3500
177,40711,0.584657,0.153758,0.508199,0.890488,0.8000,0.2000
177,40761,0.772989,0.229859,0.679962,0.881799,0.5391,0.4609
177,40811,0.702143,0.151900,0.601758,0.888573,0.6500,0.3500
177,40861,0.564928,0.134485,0.174141,0.884663,0.4500,0.5500
178,40941,0.662373,0.211288,0.472984,0.883894,0.5391,0.4609
178,40991,1.407736,0.226027,1.687633,0.887927,0.6500,0.3500
178,41041,0.560700,0.193905,0.479407,0.885872,0.8000,0.2000
178,41091,0.681179,0.185640,0.572462,0.883082,0.6500,0.3500
179,41171,0.491249,0.206160,0.272591,0.897329,0.6500,0.3500
179,41221,0.391741,0.172233,0.246288,0.882438,0.7714,0.2286
179,41271,0.811039,0.129656,0.760209,0.880844,0.5786,0.4214
179,41321,0.530617,0.130398,0.338191,0.887980,0.6500,0.3500
180,41401,0.720615,0.186328,0.649577,0.886371,0.7000,0.3000
180,41451,0.745626,0.171978,0.644224,0.884882,0.5786,0.4214
180,41501,0.497669,0.189906,0.287027,0.888863,0.6500,0.3500
180,41551,0.604707,0.193842,0.535658,0.880903,0.8000,0.2000
181,41631,1.100674,0.242442,1.219477,0.880038,0.6500,0.3500
181,41681,0.480097,0.153734,0.259901,0.889032,0.6500,0.3500
181,41731,0.480111,0.196556,0.377785,0.889413,0.8000,0.2000
181,41781,0.575332,0.207352,0.409124,0.884003,0.6500,0.3500
182,41861,0.571550,0.126339,0.401410,0.887526,0.6500,0.3500
182,41911,0.574549,0.174493,0.497694,0.881970,0.8000,0.2000
182,41961,1.022462,0.125484,1.096756,0.884486,0.6500,0.3500
182,42011,0.847125,0.203613,0.827712,0.883179,0.6500,0.3500
183,42091,0.864228,0.197255,0.859035,0.884999,0.8000,0.2000
183,42141,0.585292,0.152273,0.425691,0.881694,0.6500,0.3500
183,42191,0.431634,0.241149,0.185837,0.888116,0.6500,0.3500
183,42241,0.391485,0.142157,0.256333,0.893290,0.7878,0.2122
184,42321,0.898594,0.220321,0.908524,0.880153,0.6500,0.3500
184,42371,0.412006,0.144364,0.157000,0.885590,0.6500,0.3500
184,42421,0.502484,0.147355,0.289749,0.881422,0.6405,0.3595
184,42471,0.566579,0.232236,0.308551,0.881946,0.5500,0.4500
185,42551,0.407369,0.199825,0.150177,0.885011,0.6500,0.3500
185,42601,0.567281,0.148152,0.389642,0.883705,0.6405,0.3595
185,42651,0.513461,0.165106,0.309862,0.891572,0.6500,0.3500
185,42701,0.470632,0.175636,0.245490,0.888752,0.6500,0.3500
186,42781,1.302478,0.172352,1.407772,0.881303,0.8000,0.2000
186,42831,0.660367,0.151834,0.538593,0.886520,0.6500,0.3500
186,42881,1.098937,0.144306,1.213113,0.886897,0.6500,0.3500
186,42931,0.476309,0.178245,0.375539,0.879393,0.8000,0.2000
187,43011,0.511375,0.180959,0.200455,0.891389,0.5500,0.4500
187,43061,0.569895,0.145877,0.399335,0.886651,0.6500,0.3500
187,43111,0.805155,0.174460,0.785757,0.882748,0.8000,0.2000
187,43161,0.936217,0.250296,0.964375,0.883923,0.6500,0.3500
188,43241,0.611390,0.146588,0.455615,0.900686,0.6500,0.3500
188,43291,0.514228,0.183336,0.422679,0.880424,0.8000,0.2000
188,43341,0.544887,0.182131,0.360562,0.887204,0.6500,0.3500
188,43391,1.065216,0.210612,1.161755,0.885929,0.6500,0.3500
189,43471,0.467156,0.203082,0.285888,0.890114,0.7000,0.3000
189,43521,0.802103,0.197558,0.735952,0.887045,0.5622,0.4378
189,43571,1.204856,0.154139,1.375831,0.887331,0.6500,0.3500
189,43621,0.396103,0.107673,0.213052,0.883355,0.7269,0.2731
190,43701,0.498997,0.151872,0.241621,0.883615,0.5991,0.4009
190,43751,0.498570,0.255516,0.287108,0.891286,0.6500,0.3500
190,43801,0.360831,0.170042,0.229109,0.887721,0.8000,0.2000
190,43851,0.489987,0.186904,0.222349,0.889939,0.5991,0.4009
191,43931,0.558832,0.127542,0.379381,0.892099,0.6500,0.3500
191,43981,0.634599,0.173013,0.401375,0.890404,0.5231,0.4769
191,44031,0.493727,0.157686,0.186678,0.888001,0.5622,0.4378
191,44081,0.706163,0.149119,0.618653,0.892511,0.6805,0.3195
192,44161,0.847032,0.233311,0.839215,0.878298,0.8000,0.2000
192,44211,0.420873,0.139441,0.138622,0.887472,0.6231,0.3769
192,44261,0.486663,0.130869,0.280881,0.884522,0.6591,0.3409
192,44311,0.708682,0.172862,0.664248,0.886419,0.8000,0.2000
193,44391,0.455161,0.251967,0.225779,0.881158,0.6500,0.3500
193,44441,0.442799,0.217614,0.201541,0.890851,0.6500,0.3500
193,44491,0.471138,0.191594,0.167620,0.888735,0.5791,0.4209
193,44541,0.462634,0.193698,0.179977,0.885031,0.5991,0.4009
194,44621,0.376958,0.149959,0.139551,0.882498,0.6805,0.3195
194,44671,0.662377,0.187468,0.606887,0.884341,0.8000,0.2000
194,44721,0.484483,0.220390,0.267923,0.886666,0.6500,0.3500
194,44771,0.478837,0.218100,0.258802,0.887473,0.6500,0.3500
195,44851,0.699336,0.117649,0.636559,0.888574,0.7509,0.2491
195,44901,0.509853,0.134015,0.203341,0.884479,0.5500,0.4500
195,44951,0.794224,0.172348,0.745442,0.884819,0.6500,0.3500
195,45001,0.523437,0.187434,0.166143,0.879445,0.4991,0.5009
196,45081,0.633058,0.185006,0.494975,0.889498,0.6500,0.3500
196,45131,0.644942,0.204314,0.510700,0.894248,0.6500,0.3500
196,45181,0.492125,0.189924,0.274810,0.879224,0.6405,0.3595
196,45231,0.770317,0.130099,0.678352,0.896611,0.5786,0.4214
197,45311,0.392396,0.159102,0.125115,0.888774,0.6500,0.3500
197,45361,0.571939,0.186929,0.492819,0.888421,0.8000,0.2000
197,45411,0.769576,0.156975,0.674567,0.882095,0.5422,0.4578
197,45461,0.657889,0.208794,0.536144,0.883988,0.6500,0.3500
198,45541,0.295148,0.173198,0.149367,0.878274,0.8000,0.2000
198,45591,0.565338,0.185294,0.306505,0.881689,0.5500,0.4500
198,45641,0.658149,0.153551,0.538008,0.881268,0.6500,0.3500
198,45691,0.438232,0.145807,0.242852,0.894118,0.7000,0.3000
199,45771,0.646825,0.192676,0.519887,0.882567,0.6500,0.3500
199,45821,0.719604,0.148980,0.625309,0.894724,0.6500,0.3500
199,45871,0.485694,0.168187,0.351653,0.889759,0.7509,0.2491
199,45921,0.360936,0.115292,0.078401,0.885642,0.6500,0.3500
200,46001,0.391330,0.143744,0.158483,0.887161,0.6805,0.3195
200,46051,0.387358,0.170447,0.262639,0.886233,0.8000,0.2000
200,46101,0.455679,0.131960,0.224844,0.884373,0.6500,0.3500
200,46151,0.797325,0.138761,0.747176,0.890460,0.6500,0.3500
201,46231,0.570224,0.229461,0.281415,0.886996,0.5231,0.4769
201,46281,0.489467,0.173922,0.160509,0.880467,0.5431,0.4569
201,46331,0.411358,0.153384,0.157836,0.882186,0.6500,0.3500
201,46381,0.586436,0.165857,0.511202,0.887376,0.8000,0.2000
202,46461,0.535894,0.146382,0.350188,0.880777,0.6500,0.3500
